EXPIRATION,CNT
2/15/2023,2
8/2/2023,2
8/4/2023,2
8/15/2023,2
8/17/2023,3
9/1/2023,3
9/3/2023,3
9/16/2023,2
9/20/2023,2
9/21/2023,2
9/23/2023,2
9/27/2023,2
9/28/2023,2
9/30/2023,2
10/1/2023,4
10/15/2023,2
10/18/2023,3
10/19/2023,2
10/22/2023,2
10/29/2023,7
11/3/2023,4
11/15/2023,2
11/18/2023,3
11/19/2023,3
11/30/2023,4
12/3/2023,2
12/13/2023,2
12/19/2023,2
12/28/2023,2
1/10/2024,2
1/13/2024,2
1/14/2024,2
1/21/2024,3
1/24/2024,2
1/26/2024,3
1/27/2024,2
1/30/2024,2
2/1/2024,3
2/4/2024,2
2/8/2024,2
2/16/2024,2
2/23/2024,2
2/24/2024,3
2/25/2024,4
3/2/2024,2
3/7/2024,2
3/13/2024,2
3/14/2024,2
3/16/2024,2
3/24/2024,3
3/31/2024,2
4/4/2024,3
4/5/2024,3
4/8/2024,2
4/14/2024,2
4/15/2024,3
4/21/2024,7
4/23/2024,2
4/25/2024,4
4/26/2024,2
4/27/2024,3
4/28/2024,2
4/29/2024,2
4/30/2024,2
5/5/2024,3
5/9/2024,3
5/15/2024,2
5/23/2024,2
5/25/2024,2
5/27/2024,2
6/9/2024,3
6/15/2024,2
6/22/2024,2
6/23/2024,2
6/30/2024,3
7/2/2024,2
7/4/2024,2
7/8/2024,5
7/15/2024,2
7/18/2024,2
7/19/2024,2
8/4/2024,2
8/6/2024,2
8/10/2024,4
8/12/2024,3
8/14/2024,2
8/17/2024,3
8/19/2024,3
9/7/2024,3
9/9/2024,4
9/12/2024,2
9/18/2024,2
9/20/2024,2
9/27/2024,3
10/5/2024,2
10/7/2024,2
10/17/2024,4
10/29/2024,3
10/31/2024,2
11/1/2024,2
11/3/2024,5
11/14/2024,4
11/21/2024,2
11/24/2024,2
11/28/2024,3
12/1/2024,2
12/5/2024,2
12/15/2024,3
12/29/2024,3
12/30/2024,2
1/5/2025,4
1/9/2025,2
1/14/2025,2
1/20/2025,3
1/25/2025,2
1/26/2025,3
1/31/2025,8
2/2/2025,2
2/3/2025,2
2/6/2025,2
2/8/2025,3
2/11/2025,2
2/14/2025,3
2/22/2025,2
2/23/2025,3
2/25/2025,5
3/3/2025,2
3/11/2025,2
3/13/2025,3
3/14/2025,2
3/16/2025,6
3/24/2025,4
3/26/2025,2
3/28/2025,2
3/31/2025,2
4/3/2025,2
4/5/2025,2
4/8/2025,6
4/13/2025,2
4/15/2025,2
4/18/2025,3
4/24/2025,5
4/25/2025,2
4/27/2025,2
4/28/2025,2
5/2/2025,2
5/4/2025,2
5/8/2025,2
5/16/2025,2
5/22/2025,2
5/23/2025,3
5/26/2025,3
5/30/2025,2
5/31/2025,2
6/1/2025,2
6/16/2025,3
6/17/2025,4
6/25/2025,5
6/26/2025,2
7/7/2025,3
7/14/2025,3
7/19/2025,5
7/21/2025,2
7/22/2025,3
7/27/2025,2
8/11/2025,2
8/14/2025,4
8/18/2025,2
8/22/2025,2
8/28/2025,2
9/6/2025,4
9/12/2025,3
9/13/2025,2
9/20/2025,2
9/21/2025,3
9/29/2025,2
10/2/2025,3
10/5/2025,2
10/10/2025,2
10/12/2025,2
10/19/2025,2
10/23/2025,2
10/30/2025,2
11/7/2025,2
11/11/2025,2
11/13/2025,2
11/14/2025,3
11/17/2025,5
11/20/2025,2
11/22/2025,3
12/1/2025,3
12/6/2025,2
12/7/2025,2
12/12/2025,3
12/17/2025,2
12/18/2025,2
12/21/2025,2
12/27/2025,2
1/16/2026,2
1/17/2026,2
1/19/2026,2
1/20/2026,2
1/29/2026,2
1/30/2026,3
2/2/2026,3
2/3/2026,2
2/7/2026,3
2/12/2026,2
2/14/2026,2
2/24/2026,3
2/26/2026,4
3/5/2026,2
3/13/2026,2
3/14/2026,3
3/19/2026,2
4/4/2026,4
4/14/2026,2
4/25/2026,3
5/2/2026,2
5/3/2026,2
5/13/2026,2
5/14/2026,2
5/15/2026,3
5/19/2026,2
5/20/2026,2
5/23/2026,3
5/24/2026,2
5/29/2026,2
5/30/2026,2
6/1/2026,2
6/4/2026,2
6/5/2026,3
6/8/2026,2
6/11/2026,2
6/21/2026,3
6/23/2026,2
6/29/2026,2
7/2/2026,2
7/6/2026,4
7/10/2026,2
7/11/2026,4
7/16/2026,2
7/18/2026,3
